,index,vader,count
0,anarcho_capitalism,0.03750199004975126,530
1,badlinguistics,-0.05713526490066221,532
2,badphilosophy,0.008902995720399416,1032
3,bestof,0.0596907030173075,6961
4,bitcoin,0.09751638418079102,465
5,botsrights,-0.09913254901960783,996
6,buttcoin,0.03462911877394636,486
7,circlebroke2,-0.06027511773940346,1559
8,conspiracy,-0.11765976230899844,829
9,defaultgems,0.03580456692913384,184
10,depthhub,0.018703656307129786,528
11,dogecoin,0.21535844471445922,177
12,drama,-0.1348127071823204,910
13,enoughlibertarianspam,-0.008283732057416272,677
14,episodehub,-0.0185781052631579,401
15,evenwithcontext,-0.026379654510556617,807
16,excgarated,0.05672142857142857,134
17,fitnesscirclejerk,-0.00420418287937742,1062
18,gaming,0.07202857142857141,531
19,gamingcirclejerk,0.016044680851063833,412
20,hailcorporate,-0.09432,1301
21,japancirclejerk,0.04470202020202022,554
22,metacanada,-0.04726784660766961,417
23,notcirclejerk,0.03390123456790124,988
24,panichistory,-0.17722321755027412,554
25,pcmasterrace,0.09719902280130294,346
26,retiredgif,-0.01179604904632153,776
27,shitamericanssay,-0.021535049833887033,1731
28,shitliberalssay,0.0014841584158415866,403
29,shitpoliticssays,-0.13448530805687198,491
30,shitpost,-0.005456249999999995,2436
31,shitredditsays,-0.12622129629629636,2364
32,shitstatistssay,-0.045007908611599375,1360
33,srssucks,-0.1572890438247013,514
34,subredditdrama,-0.14267787555775913,9015
35,switcharoo,-0.008075989445910295,2042
36,television,0.0025588807785888105,417
37,thathappened,-0.006974539363484089,240
38,thebluepill,-0.0657717791411043,593
39,thepopcornstand,-0.16123793103448283,551
40,theydidthemath,0.007006666666666672,564
41,titlegore,0.005541481481481489,3511
42,todayilearned,-0.01921807580174928,388
43,topmindsofreddit,-0.2286375,851
44,worstof,-0.18312763157894746,361
