,index,vader,count
0,anarcho_capitalism,0.03750199004975126,562
1,badlinguistics,-0.05713526490066221,283
2,badphilosophy,0.008902995720399416,953
3,bestof,0.0596907030173075,5884
4,bitcoin,0.09751638418079102,298
5,botsrights,-0.09913254901960783,772
6,buttcoin,0.03462911877394636,495
7,circlebroke2,-0.06027511773940346,2303
8,conspiracy,-0.11765976230899844,679
9,defaultgems,0.03580456692913384,145
10,depthhub,0.018703656307129786,548
11,dogecoin,0.21535844471445922,46
12,drama,-0.1348127071823204,2916
13,enoughlibertarianspam,-0.008283732057416272,525
14,episodehub,-0.0185781052631579,376
15,evenwithcontext,-0.026379654510556617,819
16,excgarated,0.05672142857142857,720
17,fitnesscirclejerk,-0.00420418287937742,908
18,gaming,0.07202857142857141,487
19,gamingcirclejerk,0.016044680851063833,1343
20,hailcorporate,-0.09432,1801
21,japancirclejerk,0.04470202020202022,858
22,metacanada,-0.04726784660766961,391
23,notcirclejerk,0.03390123456790124,848
24,panichistory,-0.17722321755027412,285
25,pcmasterrace,0.09719902280130294,271
26,retiredgif,-0.01179604904632153,491
27,shitamericanssay,-0.021535049833887033,2446
28,shitliberalssay,0.0014841584158415866,467
29,shitpoliticssays,-0.13448530805687198,832
30,shitpost,-0.005456249999999995,2426
31,shitredditsays,-0.12622129629629636,2611
32,shitstatistssay,-0.045007908611599375,1270
33,srssucks,-0.1572890438247013,794
34,subredditdrama,-0.14267787555775913,4380
35,switcharoo,-0.008075989445910295,1802
36,television,0.0025588807785888105,490
37,thathappened,-0.006974539363484089,239
38,thebluepill,-0.0657717791411043,617
39,thepopcornstand,-0.16123793103448283,42
40,theydidthemath,0.007006666666666672,548
41,titlegore,0.005541481481481489,2860
42,todayilearned,-0.01921807580174928,423
43,topmindsofreddit,-0.2286375,1055
44,worstof,-0.18312763157894746,596
