SOURCE_SUBREDDIT,mean_vader_sentiment,mean_liwc_swear,mean_liwc_anger,mean_liwc_sad
aww,0.10820978260869563,0.00038518946506813036,0.0026457540044496565,0.005176367222276833
cringe,-0.014790368271954677,0.0033773884032529673,0.010203694390827777,0.004368303320122753
funny,0.06023246753246744,0.0034753726763322368,0.007781562552496951,0.0016145044641670565
mildlyinfuriating,-0.07130074626865672,0.004493495724839008,0.012669445687864232,0.002138926579225087
news,-0.09300476190476194,0.0002023338979860719,0.009141318163719043,0.002080664942695385
pics,0.08238433734939761,0.0024431057563587687,0.0048263351529045885,0.0008271179957926945
politics,0.015334210526315785,0.0010723390322052528,0.00775928327302368,0.002736201635485299
rage,-0.20924262295081972,0.007386569181851069,0.03521047967058641,0.004943507000548635
trashy,0.023743076923076936,0.004289570079043763,0.007751108540582224,0.0016666666666666668
upliftingnews,0.15184759036144582,0.0007530120481927711,0.003787988182938384,0.006446914254887814
